<?xml version="1.0" encoding="UTF-8"?>
<metadata xml:lang="es"><Esri><CreaDate>20220218</CreaDate><CreaTime>16331000</CreaTime><ArcGISFormat>1.0</ArcGISFormat><SyncOnce>TRUE</SyncOnce><DataProperties><lineage><Process ToolSource="c:\program files (x86)\arcgis\desktop10.8\ArcToolbox\Toolboxes\Data Management Tools.tbx\RegisterWithGeodatabase" Date="20220211" Time="115222">RegisterWithGeodatabase "Database Connections\Revi_Topo50_Act_2019.sde\revi.topo50_act_2019.acueducto50_l_vw" objectid geometria POLYLINE "GEOGCS['GCS_Mexico_ITRF2008',DATUM['D_Mexico_ITRF2008',SPHEROID['GRS_1980',6378137.0,298.257222101]],PRIMEM['Greenwich',0.0],UNIT['Degree',0.0174532925199433]];-400 -400 1000000000;-100000 1000;-100000 1000;8.98315284119521E-09;0.001;0.001;IsHighPrecision" #</Process><Process ToolSource="c:\program files (x86)\arcgis\desktop10.8\ArcToolbox\Toolboxes\Data Management Tools.tbx\Project" Date="20220218" Time="163310">Project C:\Users\jorge.parada\Documents\prueba_historicos\E14B31\TEMP\ACUEDUCTO50_L.shp C:\Users\jorge.parada\Documents\prueba_historicos\E14B31\SHAPES\ACUEDUCTO50_L.shp PROJCS['Mexico_ITRF2008_UTM_Zone_14N',GEOGCS['GCS_Mexico_ITRF2008',DATUM['D_Mexico_ITRF2008',SPHEROID['GRS_1980',6378137.0,298.257222101]],PRIMEM['Greenwich',0.0],UNIT['Degree',0.0174532925199433]],PROJECTION['Transverse_Mercator'],PARAMETER['False_Easting',500000.0],PARAMETER['False_Northing',0.0],PARAMETER['Central_Meridian',-99.0],PARAMETER['Scale_Factor',0.9996],PARAMETER['Latitude_Of_Origin',0.0],UNIT['Meter',1.0]] # GEOGCS['GCS_Mexico_ITRF2008',DATUM['D_Mexico_ITRF2008',SPHEROID['GRS_1980',6378137.0,298.257222101]],PRIMEM['Greenwich',0.0],UNIT['Degree',0.0174532925199433]] NO_PRESERVE_SHAPE # NO_VERTICAL</Process></lineage></DataProperties></Esri></metadata>
