<?xml version="1.0" encoding="UTF-8"?>
<metadata xml:lang="es"><Esri><CreaDate>20241011</CreaDate><CreaTime>11274700</CreaTime><ArcGISFormat>1.0</ArcGISFormat><SyncOnce>TRUE</SyncOnce><DataProperties><lineage><Process ToolSource="c:\program files (x86)\arcgis\desktop10.8\ArcToolbox\Toolboxes\Conversion Tools.tbx\GPXtoFeatures" Date="20240925" Time="080942">GPXtoFeatures C:\Users\ivjme\OneDrive\Escritorio\SHP_ASUS\Waypoints_23-SEP-24.gpx C:\Users\ivjme\OneDrive\Escritorio\Riesgo\Shp_Riesgo\puntos_pract.shp</Process></lineage></DataProperties></Esri></metadata>
